Zürich,Zürich
Geneva,Genève
Basel,Basel-Stadt
Lausanne,Vaud
Bern,Bern
Winterthur,Zürich
Lucerne,Luzern
Sankt Gallen,Sankt Gallen
Biel/Bienne,Bern
Thun,Bern
Bellinzona,Ticino
Fribourg,Fribourg
Uster,Zürich
Schaffhausen,Schaffhausen
Vernier,Genève
Chur,Graubünden
Sion,Valais
Neuchâtel,Neuchâtel
Zug,Zug
Yverdon-les-Bains,Vaud
Emmen,Luzern
Dübendorf,Zürich
Rapperswil-Jona,Sankt Gallen
Dietikon,Zürich
Wetzikon,Zürich
Meyrin,Genève
Carouge,Genève
Kreuzlingen,Thurgau
Wädenswil,Zürich
Aarau,Aargau
Riehen,Basel-Stadt
Allschwil,Basel-Landschaft
Renens,Vaud
Wettingen,Aargau
Nyon,Vaud
Bülach,Zürich
Vevey,Vaud
Opfikon,Zürich
Reinach,Basel-Landschaft
Baden,Aargau
Onex,Genève
Schlieren,Zürich
Adliswil,Zürich
Volketswil,Zürich
Thalwil,Zürich
Olten,Solothurn
Pully,Vaud
Regensdorf,Zürich
Ostermundigen,Bern
Littau,Luzern
Solothurn,Solothurn
Pratteln,Basel-Landschaft
Freienbach,Schwyz
Wallisellen,Zürich
Wohlen,Aargau
Morges,Vaud
Steffisburg,Bern
Binningen,Basel-Landschaft
Schwyz,Schwyz
Arbon,Thurgau
Liestal,Basel-Landschaft
Stäfa,Zürich
Küsnacht,Zürich
Thônex,Genève
Meilen,Zürich
Versoix,Genève
Richterswil,Zürich
Zollikon,Zürich
Gland,Vaud
Muri,Bern
Ecublens,Vaud
Delémont,Jura
Prilly,Vaud
Chêne-Bougeries,Genève
Rüti,Zürich
Le Grand-Saconnex,Genève
Münchenstein,Basel-Landschaft
Villars-sur-Glâne,Fribourg
La Tour-de-Peilz,Vaud
Spreitenbach,Aargau
Veyrier,Genève
Bassersdorf,Zürich
Männedorf,Zürich
Romanshorn,Thurgau
Oberwil,Basel-Landschaft
Brugg,Aargau
Plan-les-Ouates,Genève
Neuhausen am Rheinfall,Schaffhausen
Sarnen,Obwalden
Aesch,Basel-Landschaft
Birsfelden,Basel-Landschaft
Lutry,Vaud
Therwil,Basel-Landschaft
Sursee,Luzern
Urdorf,Zürich
Widnau,Sankt Gallen
Epalinges,Vaud
Rorschach,Sankt Gallen
Altdorf,Uri
Goldach,Sankt Gallen
Arlesheim,Basel-Landschaft
Zuchwil,Solothurn
Kilchberg,Zürich
Neuenhof,Aargau
Lachen,Schwyz
Fällanden,Zürich
Stans,Nidwalden
Oberentfelden,Aargau
Aarburg,Aargau
Chiasso,Ticino
Buchs,Aargau
Crissier,Vaud
Au,Sankt Gallen
Dietlikon,Zürich
Chavannes-près-Renens,Vaud
Windisch,Aargau
Minusio,Ticino
Heimberg,Bern
Nidau,Bern
Dornach,Solothurn
Bottmingen,Basel-Landschaft
Oberengstringen,Zürich
Frenkendorf,Basel-Landschaft
Rolle,Vaud
Buchrain,Luzern
Massagno,Ticino
Uetikon am See,Zürich
Glarus,Glarus
Rüschlikon,Zürich
Peseux,Neuchâtel
Appenzell,Appenzell Innerrhoden
Interlaken,Bern
Cologny,Genève
Erlenbach,Zürich
Colombier,Neuchâtel
Courtepin,Fribourg
Greifensee,Zürich
Préverenges,Vaud
Gerlafingen,Solothurn
Schwerzenbach,Zürich
Oberrieden,Zürich
Geroldswil,Zürich
Niederglatt,Zürich
Schönenwerd,Solothurn
Niederlenz,Aargau
Cortaillod,Neuchâtel
Saint-Sulpice,Vaud
Confignon,Genève
Morbio Inferiore,Ticino
Caslano,Ticino
Gross Höchstetten,Bern
Unterentfelden,Aargau
Paradiso,Ticino
Niederrohrdorf,Aargau
Hilterfingen,Bern
Hunzenschwil,Aargau
Unterengstringen,Zürich
Langendorf,Solothurn
Belmont-sur-Lausanne,Vaud
Widen,Aargau
Port,Bern
Ennetbaden,Aargau
Feuerthalen,Zürich
Rheineck,Sankt Gallen
Vacallo,Ticino
Corsier-sur-Vevey,Vaud
Balerna,Ticino
Coppet,Vaud
Turgi,Aargau
Coldrerio,Ticino
Rickenbach bei Wil,Thurgau
Horn,Thurgau
Muralto,Ticino
Hauterive,Neuchâtel
Corseaux,Vaud
Canobbio,Ticino
Savosa,Ticino
Tolochenaz,Vaud
Vezia,Ticino
Veyras,Valais
Sorengo,Ticino
Magliaso,Ticino
Cadempino,Ticino
Paudex,Vaud
Cureglia,Ticino
